<?xml version="1.0" encoding="UTF-8"?>
<beans
        xmlns="http://www.springframework.org/schema/beans"
        xmlns:users="http://time.geekbang.org/schema/users"
        xmlns:xsi="http://www.w3.org/2001/XMLSchema-instance"
        xsi:schemaLocation="http://www.springframework.org/schema/beans
        https://www.springframework.org/schema/beans/spring-beans.xsd
        http://time.geekbang.org/schema/users
        http://time.geekbang.org/schema/users.xsd
">

    <!--
       <bean id="user" class="org.geekbang.thinking.in.spring.ioc.overview.domain.User">
           <property name="id" value="1"/>
           <property name="name" value="小马哥"/>
           <property name="city" value="HANGZHOU"/>
           <property name="workCities" value="BEIJING,HANGZHOU"/>
           <property name="lifeCities">
               <list>
                   <value>BEIJING</value>
                   <value>SHANGHAI</value>
               </list>
           </property>
           <property name="configFileLocation" value="classpath:/META-INF/user-config.properties"/>
       </bean>
       -->

    <users:user id="1" name="小马哥" city="HANGZHOU"/>

</beans>